{
  "eye": {
    "orientation": [
      0.4211427569389343,
      -0.13559889793395996,
      0.015077655203640461,
      0.8966740965843201
    ],
    "magnitude": 0.5773502588272095,
    "position": [
      -69.17536163330078,
      -227.88304138183594,
      182.4391632080078
    ]
  },
  "radius": 150,
  "type": "PERSPECTIVE"
}